[
  {
    "inputs": [],
    "name": "instrumentCount",
    "outputs": [{ "internalType": "uint256", "name": "", "type": "uint256" }],
    "stateMutability": "view",
    "type": "function"
  },
  {
    "inputs": [],
    "name": "mintingEnabled",
    "outputs": [{ "internalType": "bool", "name": "", "type": "bool" }],
    "stateMutability": "view",
    "type": "function"
  },
  {
    "inputs": [
      { "internalType": "address", "name": "to", "type": "address" }
    ],
    "name": "mintInstrument",
    "outputs": [],
    "stateMutability": "nonpayable",
    "type": "function"
  }
]
