[
  {
    "inputs": [],
    "name": "isRedeemable",
    "outputs": [{ "internalType": "bool", "name": "", "type": "bool" }],
    "stateMutability": "view",
    "type": "function"
  },
  {
    "inputs": [],
    "name": "redeemed",
    "outputs": [{ "internalType": "bool", "name": "", "type": "bool" }],
    "stateMutability": "view",
    "type": "function"
  },
  {
    "inputs": [],
    "name": "redeem",
    "outputs": [],
    "stateMutability": "nonpayable",
    "type": "function"
  }
]
